-- MySQL Script generated by MySQL Workbench
-- Wed Aug 31 11:51:36 2022
-- Model: New Model    Version: 1.0
-- MySQL Workbench Forward Engineering

SET @OLD_UNIQUE_CHECKS=@@UNIQUE_CHECKS, UNIQUE_CHECKS=0;
SET @OLD_FOREIGN_KEY_CHECKS=@@FOREIGN_KEY_CHECKS, FOREIGN_KEY_CHECKS=0;
SET @OLD_SQL_MODE=@@SQL_MODE, SQL_MODE='TRADITIONAL,ALLOW_INVALID_DATES';

-- -----------------------------------------------------
-- Schema mydb
-- -----------------------------------------------------

-- -----------------------------------------------------
-- Schema mydb
-- -----------------------------------------------------
CREATE SCHEMA IF NOT EXISTS `mydb` DEFAULT CHARACTER SET utf8 ;
USE `mydb` ;

-- -----------------------------------------------------
-- Table `mydb`.`Venda`
-- -----------------------------------------------------
CREATE TABLE IF NOT EXISTS `mydb`.`Venda` (
  `idVenda` INT NOT NULL auto_increment,
  `forma_pagamento` VARCHAR(10) NULL,
  `valor` FLOAT NULL,
  `data` DATE NULL,
  PRIMARY KEY (`idVenda`))
ENGINE = InnoDB;


-- -----------------------------------------------------
-- Table `mydb`.`Clientes`
-- -----------------------------------------------------
CREATE TABLE IF NOT EXISTS `mydb`.`Clientes` (
  `idClientes` INT NOT NULL auto_increment,
  `nome` VARCHAR(45) NULL,
  `cpf` VARCHAR(14) NULL,
  `rg` INT NULL,
  `data_nascimento` DATE NULL ,
  PRIMARY KEY (`idClientes`))
ENGINE = InnoDB;


-- -----------------------------------------------------
-- Table `mydb`.`Funcionario`
-- -----------------------------------------------------
CREATE TABLE IF NOT EXISTS `mydb`.`Funcionario` (
  `idFuncionario` INT NOT NULL auto_increment,
  `senha` VARCHAR(45) NULL,
  `nome` VARCHAR(45) NULL,
  PRIMARY KEY (`idFuncionario`))
ENGINE = InnoDB;


-- -----------------------------------------------------
-- Table `mydb`.`Produtos`
-- -----------------------------------------------------
CREATE TABLE IF NOT EXISTS `mydb`.`Produtos` (
  `idProdutos` INT NOT NULL auto_increment,
  `nome` VARCHAR(45) NULL,
  `marca` VARCHAR(45) NULL,
  `tamanho` VARCHAR(15) NULL,
  `cor` VARCHAR(45) NULL,
  PRIMARY KEY (`idProdutos`))
ENGINE = InnoDB;


-- -----------------------------------------------------
-- Table `mydb`.`Fornecedor`
-- -----------------------------------------------------
CREATE TABLE IF NOT EXISTS `mydb`.`Fornecedor` (
  `idFornecedor` INT NOT NULL auto_increment,
  `cnpj` VARCHAR(45) NULL,
  `contato` VARCHAR(45) NULL,
  `nome` VARCHAR(45) NULL,
  `Produtos_idProdutos` INT NOT NULL,
  PRIMARY KEY (`idFornecedor`, `Produtos_idProdutos`),
  INDEX `fk_Fornecedor_Produtos1_idx` (`Produtos_idProdutos` ASC),
  CONSTRAINT `fk_Fornecedor_Produtos1`
    FOREIGN KEY (`Produtos_idProdutos`)
    REFERENCES `mydb`.`Produtos` (`idProdutos`)
    ON DELETE NO ACTION
    ON UPDATE NO ACTION)
ENGINE = InnoDB;


-- -----------------------------------------------------
-- Table `mydb`.`Venda_has_Produtos`
-- -----------------------------------------------------
CREATE TABLE IF NOT EXISTS `mydb`.`Venda_has_Produtos` (
  `Venda_idVenda` INT NOT NULL auto_increment,
  `Produtos_idProdutos` INT NOT NULL,
  PRIMARY KEY (`Venda_idVenda`, `Produtos_idProdutos`),
  INDEX `fk_Venda_has_Produtos_Produtos1_idx` (`Produtos_idProdutos` ASC),
  INDEX `fk_Venda_has_Produtos_Venda1_idx` (`Venda_idVenda` ASC),
  CONSTRAINT `fk_Venda_has_Produtos_Venda1`
    FOREIGN KEY (`Venda_idVenda`)
    REFERENCES `mydb`.`Venda` (`idVenda`)
    ON DELETE NO ACTION
    ON UPDATE NO ACTION,
  CONSTRAINT `fk_Venda_has_Produtos_Produtos1`
    FOREIGN KEY (`Produtos_idProdutos`)
    REFERENCES `mydb`.`Produtos` (`idProdutos`)
    ON DELETE NO ACTION
    ON UPDATE NO ACTION)
ENGINE = InnoDB;


SET SQL_MODE=@OLD_SQL_MODE;
SET FOREIGN_KEY_CHECKS=@OLD_FOREIGN_KEY_CHECKS;
SET UNIQUE_CHECKS=@OLD_UNIQUE_CHECKS;

insert into Venda (idVenda, forma_pagamento, data) values (1, 'Á vista', "2022-08-02");

insert into Venda (idVenda, forma_pagamento, data) values (2, 'A prazo', "2022-05-07");

insert into Venda (idVenda, forma_pagamento, data) values (3, 'Á vista', "2021-05-11");

insert into Venda (idVenda, forma_pagamento, data) values (4, 'Á vista', "2022-02-04");

insert into Venda (idVenda, forma_pagamento, data) values (5, 'A prazo', "2021-08-23");

insert into Venda (idVenda, forma_pagamento, data) values (6, 'Á vista', "2022-02-16");

insert into Venda (idVenda, forma_pagamento, data) values (7, 'A prazo', "2022-07-18");

insert into Venda (idVenda, forma_pagamento, data) values (8, 'Á vista', "2021-09-17");

insert into Venda (idVenda, forma_pagamento, data) values (9, 'Á vista', "2022-05-05");

insert into Venda (idVenda, forma_pagamento, data) values (10, 'Á vista', "2022-01-31");

insert into Venda (idVenda, forma_pagamento, data) values (11, 'Á vista', "2022-03-15");

insert into Venda (idVenda, forma_pagamento, data) values (12, 'A prazo', "2022-06-18");

insert into Venda (idVenda, forma_pagamento, data) values (13, 'Á vista', "2022-04-23");


insert into Clientes (idClientes ,nome, cpf, rg, data_nascimento) values (1, 'Emelyne Partleton', '35203765121111', 3843298, "1976-07-29");

insert into Clientes (idClientes ,nome, cpf, rg, data_nascimento) values (2, 'Gib Cragoe', '92566136892222', 4343846, "1991-03-26");

insert into Clientes (idClientes ,nome, cpf, rg, data_nascimento) values (3, 'Brandi Lidden', '91482753443333', 1576831, "1966-03-27");

insert into Clientes (idClientes ,nome, cpf, rg, data_nascimento) values (4, 'Jolee Barrett', '1846893240444', 2000487, "1978-05-05");

insert into Clientes (idClientes ,nome, cpf, rg, data_nascimento) values (5, 'Nedi Dugood', '20270209855555', 91816708, "1965-07-05");

insert into Clientes (idClientes ,nome, cpf, rg, data_nascimento) values (6, 'Gordie Mazonowicz', '16205353516666', 1623514, "1990-08-08");

insert into Clientes (idClientes ,nome, cpf, rg, data_nascimento) values (7, 'Leesa Elsby', '0110854497777', 4395857, "1995-12-18");

insert into Clientes (idClientes ,nome, cpf, rg, data_nascimento) values (8, 'Rosemaria Howbrook', '40400122678888', 4990844, "1971-01-19");

insert into Clientes (idClientes ,nome, cpf, rg, data_nascimento) values (9, 'Brendon Baynton', '04000013819999', 3693552, "1976-11-30");

insert into Clientes (idClientes ,nome, cpf, rg, data_nascimento) values (10, 'Maible Aubin', '20014421490000', 5953373, "1974-10-08");


insert into Produtos (idProdutos, nome, marca, tamanho, cor) values (1, 'Ricca Girke', 'health mart allergy relief', 'S', 'Violet');

insert into Produtos (idProdutos, nome, marca, tamanho, cor) values (2, 'Creight Mila', 'shoprite ni-calm', 'L', 'Violet');

insert into Produtos (idProdutos, nome, marca, tamanho, cor) values (3, 'Devan Lichtfoth', 'Dr. Jart Shimmering Beauty Balm', 'M', 'Goldenrod');

insert into Produtos (idProdutos, nome, marca, tamanho, cor) values (4, 'Gaylor Antal', 'Chelidonium Homaccord', 'XS', 'Teal');

insert into Produtos (idProdutos, nome, marca, tamanho, cor) values (5, 'Beltran Dearness', 'Perphenazine', '3XL', 'Orange');

insert into Produtos (idProdutos, nome, marca, tamanho, cor) values (6, 'Ignacius McAusland', 'BLUE ACME SLEEVE FIRST AID', 'M', 'Red');

insert into Produtos (idProdutos, nome, marca, tamanho, cor) values (7, 'Alano Glew', 'Donepezil Hydrochloride', '3XL', 'Red');

insert into Produtos (idProdutos, nome, marca, tamanho, cor) values (8, 'Livvy Noirel', 'Up and Up Acetaminophen', 'M', 'Aquamarine');

insert into Produtos (idProdutos, nome, marca, tamanho, cor) values (9, 'Nancey Cork', 'Aspirin', 'M', 'Blue');

insert into Produtos (idProdutos, nome, marca, tamanho, cor) values (10, 'Lyell Brennon', 'ProFormance Series Foam', '2XL', 'Purple');



insert into Funcionario (idFuncionario, senha, nome) values (1, 'Um3Wcbs6sUM', 'Morris Kolczynski');

insert into Funcionario (idFuncionario, senha, nome) values (2, 'KzesyJSUSIL', 'Sara Rockhill');

insert into Funcionario (idFuncionario, senha, nome) values (3, 'M0MDfu0HqveC', 'Karolina Benard');

insert into Funcionario (idFuncionario, senha, nome) values (4, 'STdp4v', 'Chilton Atteridge');

insert into Funcionario (idFuncionario, senha, nome) values (5, 'xPseBD8p7', 'Dinnie Bauman');

insert into Funcionario (idFuncionario, senha, nome) values (6, '2UHujULr', 'Babbie Baumert');

insert into Funcionario (idFuncionario, senha, nome) values (7, 'cNI2Yh6', 'Ty Nutley');

insert into Funcionario (idFuncionario, senha, nome) values (8, 'OZTcVP2', 'Allis Brandolini');

insert into Funcionario (idFuncionario, senha, nome) values (9, 'TWrLAhpTu', 'Olivette Major');

insert into Funcionario (idFuncionario, senha, nome) values (10, 'T7N5AU0', 'Dario Kilsby');

insert into Funcionario (idFuncionario, senha, nome) values (11, '12345', 'Pedro');

insert into Funcionario (idFuncionario, senha, nome) values (12, '12345', 'Arthur');

insert into Funcionario (idFuncionario, senha, nome) values (13, '12345', 'Eduardo');


insert into Fornecedor (idFornecedor, cnpj, contato, nome, Produtos_idProdutos) values (1, '47.474.698/0001-40', '(930) 8396815', 'Burk Plover', 1);

insert into Fornecedor (idFornecedor, cnpj, contato, nome, Produtos_idProdutos) values (2, '95.322.810/0001-70', '(394) 1551540', 'Karleen Brewett', 2);

insert into Fornecedor (idFornecedor, cnpj, contato, nome, Produtos_idProdutos) values (3, '73.224.259/0001-90', '(877) 6633184', 'Samuele Acom', 3);

insert into Fornecedor (idFornecedor, cnpj, contato, nome, Produtos_idProdutos) values (4, '69.427.339/0001-75', '(912) 3697795', 'Kristian Dawes', 4);

insert into Fornecedor (idFornecedor, cnpj, contato, nome, Produtos_idProdutos) values (5, '17.627.024/0001-78', '(562) 4676405', 'Tadd Oakman', 5);

insert into Fornecedor (idFornecedor, cnpj, contato, nome, Produtos_idProdutos) values (6, '80.107.368/0001-92', '(956) 2395462', 'Edgard Domange', 6);

insert into Fornecedor (idFornecedor, cnpj, contato, nome, Produtos_idProdutos) values (7, '25.854.123/0001-10', '(215) 3104716', 'Karil Hearons', 7);

insert into Fornecedor (idFornecedor, cnpj, contato, nome, Produtos_idProdutos) values (8, '14.459.938/0001-89', '(949) 9319835', 'Kiley Cloake', 8);

insert into Fornecedor (idFornecedor, cnpj, contato, nome, Produtos_idProdutos) values (9, '85.825.878/0001-19', '(975) 5537978', 'Linet Furley', 9);

insert into Fornecedor (idFornecedor, cnpj, contato, nome, Produtos_idProdutos) values (10, '33.958.886/0001-30', '(384) 8330538', 'Rhiamon Kinde', 10);


